4656,,3.00,NDC,No Degree Credit,HORT (001) 107,4615,,Intro to Horticulture,5
4656,,3.00,NDC,No Degree Credit,HORT (001) 111,4615,,Intro to Horticulture,5
4656,,3.00,NDC,No Degree Credit,HORT (001) 144,4615,,Floral Design 1-Commercial,5
4656,,3.00,NDC,No Degree Credit,HORT (001) 145,4615,,Floral Design 2-Commercial,5
4656,,3.00,NDC,No Degree Credit,HORT (001) 155,4615,,Garden Center Operations,5
4656,,1.00,NDC,No Degree Credit,IT (107) 111,4615,,Exploration of Info Technology,5
4656,,3.00,NDC,No Degree Credit,IT (107) 159,4615,,It Project Management,5
4656,,1.00,NDC,No Degree Credit,IT (107) 175,4615,,Preparation For An It Career,5
4656,,1.00,NDC,No Degree Credit,BIOTECH (007) 102,4615,,Radioisotopes,5
4656,,3.00,NDC,No Degree Credit,BIOTECH (007) 103,4615,,Biotech Lab Skills,5
4656,,3.00,NDC,No Degree Credit,BIOTECH (007) 104,4615,,Chromatography Techniques,5
4656,,3.00,NDC,No Degree Credit,BIOTECH (007) 105,4615,,Bioprocess Technology,5
4656,,1.00,NDC,No Degree Credit,BIOTECH (007) 108,4615,,Hazardous Materials - Biotech,5
4656,,1.00,NDC,No Degree Credit,BIOTECH (007) 109,4615,,Biosafety,5
4656,,1.00,NDC,No Degree Credit,BIOTECH (007) 110,4615,,Biotechnology Applications,5
4656,,1.00,NDC,No Degree Credit,BIOTECH (007) 111,4615,,Biotechnology Career Seminar,5
4656,,1.00,NDC,No Degree Credit,BIOTECH (007) 112,4615,,Biotech Employment Skills,5
4656,,4.00,NDC,No Degree Credit,BIOTECH (007) 115,4615,,General Cell Biology,5
4656,,3.00,NDC,No Degree Credit,BIOTECH (007) 116,4615,,Intro Human Stem Cell Methods,5
4656,,3.00,NDC,No Degree Credit,BIOTECH (007) 117,4615,,Adv Human Stem Cell Methods,5
4656,,1.00,NDC,No Degree Credit,BIOTECH (007) 118,4615,,Intro Human Stem Cell Concepts,5
4656,,1.00,NDC,No Degree Credit,BIOTECH (007) 119,4615,,Adv Human Stem Cell Concepts,5
4656,,3.00,NDC,No Degree Credit,BIOTECH (007) 121,4615,,Appl Biochemistry,5
4656,,3.00,NDC,No Degree Credit,BIOTECH (007) 122,4615,,Protein Bioseparations Methods,5
4656,,3.00,NDC,No Degree Credit,BIOTECH (007) 123,4615,,Cell Culturing,5
4656,,3.00,NDC,No Degree Credit,BIOTECH (007) 124,4615,,Molecular Biology 1,5
4656,,3.00,NDC,No Degree Credit,BIOTECH (007) 125,4615,,Res Methods in Molecular Bio,5
4656,,3.00,NDC,No Degree Credit,BIOTECH (007) 126,4615,,Occup Work Experience,5
4656,,1.00,NDC,No Degree Credit,BIOTECH (007) 136,4615,,Laboratory Math For Biotech,5
4656,,4.00,NDC,No Degree Credit,BIOTECH (007) 174,4615,,Applied Microbiology,5
4656,,3.00,NDC,No Degree Credit,MKTG (104) 102,4615,,Marketing Principles,5
4656,,3.00,NDC,No Degree Credit,MKTG (104) 103,4615,,Marketing Research,5
4656,,3.00,NDC,No Degree Credit,MKTG (104) 104,4615,,Selling Principles,5
4656,,3.00,NDC,No Degree Credit,MKTG (104) 107,4615,,Marketing Management,5
4656,,3.00,NDC,No Degree Credit,MKTG (104) 110,4615,,Supervision Principles,5
4656,,3.00,NDC,No Degree Credit,MKTG (104) 111,4615,,Digital Innovations,5
4656,,3.00,NDC,No Degree Credit,MKTG (104) 112,4615,,Marketing Design Strategies,5
4656,,3.00,NDC,No Degree Credit,MKTG (104) 113,4615,,Leadership Ethics Digital Age,5
4656,,3.00,NDC,No Degree Credit,MKTG (104) 114,4615,,Social Media Principles,5
4656,,3.00,NDC,No Degree Credit,MKTG (104) 117,4615,,Store Management,5
4656,,3.00,NDC,No Degree Credit,MKTG (104) 118,4615,,Store Operations,5
4656,,3.00,NDC,No Degree Credit,MKTG (104) 123,4615,,Merchandise Plan/Control,5
4656,,3.00,NDC,No Degree Credit,MKTG (104) 125,4615,,Principles of Advertising,5
4656,,3.00,NDC,No Degree Credit,MKTG (104) 157,4615,,Fashion Internship,5
4656,,3.00,NDC,No Degree Credit,MKTG (104) 160,4615,,Sales Management,5
4656,,3.00,NDC,No Degree Credit,MKTG (104) 161,4615,,Marketing Tech Appls,5
4656,,3.00,NDC,No Degree Credit,MKTG (104) 165,4615,,Marketing Internship,5
4656,,3.00,NDC,No Degree Credit,ACCTG (101) 106,4615,,Accounting Fundamentals,5
4656,,3.00,NDC,No Degree Credit,ACCTG (101) 108,4615,,Applied Accounting 1,5
4656,,4.00,NDC,No Degree Credit,ACCTG (101) 111,4615,,Accounting 1 - Principles,5
4656,,1.00,NDC,No Degree Credit,ACCTG (101) 112,4615,,Accounting 2-Problems,5
4656,,4.00,NDC,No Degree Credit,ACCTG (101) 113,4615,,Accounting 2 - Principles,5
4656,,3.00,NDC,No Degree Credit,ACCTG (101) 116,4615,,Hotel/Restaurant Accounting 1,5
4656,,4.00,NDC,No Degree Credit,ACCTG (101) 118,4615,,Management Accounting,5
4656,,4.00,NDC,No Degree Credit,ACCTG (101) 121,4615,,Accounting 3-Intermediate,5
4656,,4.00,NDC,No Degree Credit,ACCTG (101) 122,4615,,Accounting 4-Intermediate,5
4656,,4.00,NDC,No Degree Credit,ACCTG (101) 123,4615,,Tax 1,5
4656,,3.00,NDC,No Degree Credit,ACCTG (101) 124,4615,,Auditing,5
4656,,4.00,NDC,No Degree Credit,ACCTG (101) 125,4615,,Cost Management,5
4656,,2.00,NDC,No Degree Credit,ACCTG (101) 137,4615,,Computerized Accounting Appl,5
4656,,3.00,NDC,No Degree Credit,ACCTG (101) 138,4615,,Accounting and Payroll Systems,5
4656,,1.00,NDC,No Degree Credit,ACCTG (101) 139,4615,,Quickbooks-Beginning,5
4656,,2.00,NDC,No Degree Credit,ACCTG (101) 152,4615,,Intro to Peachtree Accounting,5
4656,,1.00,NDC,No Degree Credit,ACCTG (101) 153,4615,,Systems-Accounting Cycle,5
4656,,1.00,NDC,No Degree Credit,ACCTG (101) 154,4615,,Payroll Accounting,5
4656,,1.00,NDC,No Degree Credit,ANHUSB (091) 105,4615,,Occupational Preparation,5
4656,,2.00,NDC,No Degree Credit,ANHUSB (091) 107,4615,,Animal Disease 1,5
4656,,2.00,NDC,No Degree Credit,ANHUSB (091) 109,4615,,Pharmacology 1 - Animals,5
4656,,2.00,NDC,No Degree Credit,ANHUSB (091) 110,4615,,Pharmacology 2,5
4656,,3.00,NDC,No Degree Credit,ANHUSB (091) 120,4615,,Veterinary Clinical Path 1,5
4656,,3.00,NDC,No Degree Credit,ANHUSB (091) 124,4615,,Veterinary Clinical Path 2,5
4656,,3.00,NDC,No Degree Credit,ANHUSB (091) 127,4615,,Surgical Nursing 1,5
4656,,2.00,NDC,No Degree Credit,ANHUSB (091) 128,4615,,Animal Nursing 1,5
4656,,3.00,NDC,No Degree Credit,ANHUSB (091) 129,4615,,Clinical Rotation,5
4656,,1.00,NDC,No Degree Credit,ANHUSB (091) 132,4615,,Veterinary Office Proc 2,5
4656,,1.00,NDC,No Degree Credit,ANHUSB (091) 133,4615,,Veterinary Office Procedures 3,5
4656,,3.00,NDC,No Degree Credit,ANHUSB (091) 140,4615,,Animal Anatomy & Physiology 1,5
4656,,3.00,NDC,No Degree Credit,ANHUSB (091) 152,4615,,Surgical Nursing 2,5
4656,,3.00,NDC,No Degree Credit,ANHUSB (091) 153,4615,,Diagnostic Imaging,5
4656,,4.00,NDC,No Degree Credit,ANHUSB (091) 158,4615,,Internship,5
4656,,2.00,NDC,No Degree Credit,ANHUSB (091) 170,4615,,Veterinary Medical Terminology,5
4656,,3.00,NDC,No Degree Credit,ANHUSB (091) 172,4615,,Animal Care and Management 2,5
4656,,3.00,NDC,No Degree Credit,MKTG (104) 179,4615,,Marketing Tech,5
4656,,3.00,NDC,No Degree Credit,MKTG (104) 180,4615,,Global Marketing,5
4656,,3.00,NDC,No Degree Credit,MKTG (104) 181,4615,,Complete Campaigns,5
4656,,3.00,NDC,No Degree Credit,MKTG (104) 182,4615,,Portfolio Presentation,5
4656,,3.00,NDC,No Degree Credit,MKTG (104) 185,4615,,Customer Service Management,5
4656,,3.00,NDC,No Degree Credit,MKTG (104) 187,4615,,Global Studies Seminar,5
4656,,1.00,NDC,No Degree Credit,MKTG (104) 188,4615,,Marketing Portfolio,5
4656,,2.00,NDC,No Degree Credit,MKTG (104) 189,4615,,Customer Relations,5
4656,,3.00,NDC,No Degree Credit,MKTG (104) 193,4615,,Wide World of Promotion,5
4656,,3.00,NDC,No Degree Credit,MKTG (104) 194,4615,,Visual Merchandising,5
4656,,2.00,NDC,No Degree Credit,MKTG (104) 195,4615,,Fashion Analysis,5
4656,,2.00,NDC,No Degree Credit,MKTG (104) 196,4615,,Textiles,5
4656,,3.00,NDC,No Degree Credit,MKTG (104) 197,4615,,Apparel Marketing,5
4656,,1.00,NDC,No Degree Credit,MKTG (104) 198,4615,,Fashion Cad Lab,5
4656,,3.00,NDC,No Degree Credit,MKTG (104) 802,4615,,Honors - Marketing,5
4656,,3.00,NDC,No Degree Credit,PARLEG (110) 101,4615,,Intro to Paralegalism,5
4656,,3.00,NDC,No Degree Credit,PARLEG (110) 141,4615,,Computer Apps-Legal,5
4656,,1.00,NDC,No Degree Credit,PARLEG (110) 175,4615,,Orient to Paralegal Profession,5
4656,,3.00,NDC,No Degree Credit,FIN PLAN (114) 117,4615,,Money & Banking,5
4656,,3.00,NDC,No Degree Credit,FIN PLAN (114) 126,4615,,Corporate Finance,5
4656,,3.00,NDC,No Degree Credit,FIN PLAN (114) 128,4615,,Financial Institutions,5
4656,,3.00,NDC,No Degree Credit,FIN PLAN (114) 130,4615,,Personal Finance,5
4656,,3.00,NDC,No Degree Credit,FIN PLAN (114) 201,4615,,Financial Life Skills,5
4656,,3.00,NDC,No Degree Credit,HRMGT (116) 145,4615,,Intro to Human Resources,5
4656,,3.00,NDC,No Degree Credit,GLBL ED (140) 101,4615,,Trad Healing Cross Cult Contex,5
4656,,1.00,NDC,No Degree Credit,GLBL ED (140) 107,4615,,Perspectives on Study Abroad,5
4656,,3.00,NDC,No Degree Credit,HOSPT (109) 101,4615,,Exploring Hospitality,5
4656,,3.00,NDC,No Degree Credit,HOSPT (109) 102,4615,,Fundamentals of Meeting Mgmt,5
4656,,2.00,NDC,No Degree Credit,HOSPT (109) 107,4615,,Recreation Cpr/First Aid,5
4656,,2.00,NDC,No Degree Credit,HOSPT (109) 108,4615,,Mtgs Industry Budget/Finance,5
4656,,2.00,NDC,No Degree Credit,HOSPT (109) 111,4615,,Registration/Housing Logistics,5
4656,,2.00,NDC,No Degree Credit,HOSPT (109) 124,4615,,Fund Food Prep,5
4656,,3.00,NDC,No Degree Credit,HOSPT (109) 125,4615,,Hospitality Leadership,5
4656,,3.00,NDC,No Degree Credit,HOSPT (109) 131,4615,,Rooms Division Operation,5
4656,,3.00,NDC,No Degree Credit,HOSPT (109) 134,4615,,Hotel/Restaurant Cost Control,5
4656,,3.00,NDC,No Degree Credit,HOSPT (109) 136,4615,,Hospitality Law,5
4656,,1.00,NDC,No Degree Credit,HOSPT (109) 137,4615,,Wine Appreciation,5
4656,,3.00,NDC,No Degree Credit,HOSPT (109) 138,4615,,Health Club Operations & Mgmt,5
4656,,3.00,NDC,No Degree Credit,HOSPT (109) 144,4615,,Disney College Internship,5
4656,,3.00,NDC,No Degree Credit,HOSPT (109) 146,4615,,Disney College Seminar,5
4656,,3.00,NDC,No Degree Credit,HOSPT (109) 176,4615,,Personal Trainer Development,5
4656,,1.00,NDC,No Degree Credit,HOSPT (109) 190,4615,,Recreation Seminar,5
4656,,3.00,NDC,No Degree Credit,HOSPT (109) 191,4615,,Tourism Computer Applications,5
4656,,1.00,NDC,No Degree Credit,OFFTECH (106) 101,4615,,Keyboarding Introduction,5
4656,,2.00,NDC,No Degree Credit,OFFTECH (106) 103,4615,,Records Management,5
4656,,3.00,NDC,No Degree Credit,OFFTECH (106) 107,4615,,Business Document Applications,5
4656,,3.00,NDC,No Degree Credit,OFFTECH (106) 108,4615,,Proofreading and Editing,5
4656,,3.00,NDC,No Degree Credit,OFFTECH (106) 109,4615,,Business Spreadsheet Apps,5
4656,,3.00,NDC,No Degree Credit,OFFTECH (106) 130,4615,,Court Reporting Procedures,5
4656,,2.00,NDC,No Degree Credit,OFFTECH (106) 133,4615,,Document Formatting,5
4656,,1.00,NDC,No Degree Credit,OFFTECH (106) 139,4615,,Keyboard Skillbuilding,5
4656,,5.00,NDC,No Degree Credit,OFFTECH (106) 143,4615,,Realtime Reporting 1,5
4656,,5.00,NDC,No Degree Credit,OFFTECH (106) 144,4615,,Realtime Reporting 2,5
4656,,3.00,NDC,No Degree Credit,OFFTECH (106) 145,4615,,Court Reporting 1,5
4656,,3.00,NDC,No Degree Credit,OFFTECH (106) 147,4615,,Legal/Technical Reporting 1,5
4656,,3.00,NDC,No Degree Credit,OFFTECH (106) 148,4615,,Legal/Technical Reporting 2,5
4656,,3.00,NDC,No Degree Credit,OFFTECH (106) 153,4615,,Comptr Asstd Trans-Cat Systems,5
4656,,3.00,NDC,No Degree Credit,OFFTECH (106) 154,4615,,Realtime Reporting Workshop,5
4656,,2.00,NDC,No Degree Credit,OFFTECH (106) 158,4615,,Court Reporting Terminology,5
4656,,1.00,NDC,No Degree Credit,OFFTECH (106) 164,4615,,Customer Contact Skills,5
4656,,3.00,NDC,No Degree Credit,OFFTECH (106) 165,4615,,Medical Admin Procedures,5
4656,,3.00,NDC,No Degree Credit,OFFTECH (106) 172,4615,,Admin Office Management,5
4656,,2.00,NDC,No Degree Credit,OFFTECH (106) 177,4615,,Specialized Insur Claims,5
4656,,2.00,NDC,No Degree Credit,OFFTECH (106) 178,4615,,Med Lang For Bus Prof 1,5
4656,,2.00,NDC,No Degree Credit,OFFTECH (106) 179,4615,,Med Lang For Bus Prof 2,5
4656,,2.00,NDC,No Degree Credit,OFFTECH (106) 186,4615,,Intro to Project Management,5
4656,,1.00,NDC,No Degree Credit,OFFTECH (106) 190,4615,,Professional Development,5
4656,,1.00,NDC,No Degree Credit,OFFTECH (106) 194,4615,,Career Management,5
4656,,3.00,NDC,No Degree Credit,OFFTECH (106) 240,4615,,Business Information Mgmt,5
4656,,1.00,NDC,No Degree Credit,SMLBUS (145) 101,4615,,Employ Dev/Resources,5
4656,,3.00,NDC,No Degree Credit,SMLBUS (145) 102,4615,,Small Business Development,5
4656,,3.00,NDC,No Degree Credit,SMLBUS (145) 105,4615,,Operations Management,5
4656,,3.00,NDC,No Degree Credit,SMLBUS (145) 106,4615,,Small Bus Mktg & Promo Tech,5
4656,,2.00,NDC,No Degree Credit,SMLBUS (145) 107,4615,,Leadership Techniques,5
4656,,2.00,NDC,No Degree Credit,SMLBUS (145) 108,4615,,Field Experience,5
4656,,3.00,NDC,No Degree Credit,ITNET (150) 121,4615,,Intro to Cisco Networking,5
4656,,1.00,NDC,No Degree Credit,ITNET (150) 160,4615,,It Security Awareness,5
4656,,3.00,NDC,No Degree Credit,ITNET (150) 162,4615,,Computer Systems Security,5
4656,,3.00,NDC,No Degree Credit,ITNET (150) 164,4615,,Penetration Testing,5
4656,,5.00,NDC,No Degree Credit,ITNET (150) 170,4615,,Ccna 1&2: Netwkg/Routing Basic,5
4656,,3.00,NDC,No Degree Credit,ITNET (150) 172,4615,,Ccna 3&4:  Switching & Wan,5
4656,,3.00,NDC,No Degree Credit,ITNET (150) 180,4615,,Ip Telephony & Adv Topics,5
4656,,3.00,NDC,No Degree Credit,ITNET (150) 185,4615,,Computer Forensics,5
4656,,3.00,NDC,No Degree Credit,ITNET (150) 190,4615,,Wireless Topics,5
4656,,3.00,NDC,No Degree Credit,ITNET (150) 193,4615,,Security Design,5
4656,,3.00,NDC,No Degree Credit,ITNET (150) 194,4615,,Firewall/Vpn Technologies,5
4656,,3.00,NDC,No Degree Credit,ITNET (150) 195,4615,,Networking Internship,5
4656,,3.00,NDC,No Degree Credit,ITNET (150) 196,4615,,Intrusion Detection,5
4656,,3.00,NDC,No Degree Credit,ITNET (150) 197,4615,,Network Security Internship,5
4656,,3.00,NDC,No Degree Credit,ITDEV (152) 101,4615,,Intro Visual Basic.Net Prog,5
4656,,3.00,NDC,No Degree Credit,ITDEV (152) 102,4615,,Advanced Visual Basic.Net,5
4656,,3.00,NDC,No Degree Credit,ITDEV (152) 103,4615,,C# Web Dvlpmt Using Asp.Net,5
4656,,3.00,NDC,No Degree Credit,ITDEV (152) 104,4615,,Windows Powershell,5
4656,,3.00,NDC,No Degree Credit,ITDEV (152) 105,4615,,Linux Shell,5
4656,,3.00,NDC,No Degree Credit,ITDEV (152) 106,4615,,C# Programming,5
4656,,3.00,NDC,No Degree Credit,ITDEV (152) 109,4615,,Python Programming,5
4656,,3.00,NDC,No Degree Credit,ITDEV (152) 111,4615,,Java Programming,5
4656,,3.00,NDC,No Degree Credit,ITDEV (152) 112,4615,,Advanced Java Programming,5
4656,,3.00,NDC,No Degree Credit,ITDEV (152) 119,4615,,Intro Prog With Javascript,5
4656,,3.00,NDC,No Degree Credit,ITDEV (152) 120,4615,,Website Development-Xhtml,5
4656,,3.00,NDC,No Degree Credit,ITDEV (152) 121,4615,,Advanced Website Development,5
4656,,3.00,NDC,No Degree Credit,ITDEV (152) 124,4615,,Intro to Database,5
4656,,3.00,NDC,No Degree Credit,ITDEV (152) 125,4615,,Sql Database Programming,5
4656,,3.00,NDC,No Degree Credit,ITDEV (152) 126,4615,,Db Design & Data Warehousing,5
4656,,3.00,NDC,No Degree Credit,ITDEV (152) 130,4615,,Object-Oriented Design W/Uml,5
4656,,3.00,NDC,No Degree Credit,ITDEV (152) 131,4615,,Object-Oriented Sys Analysis,5
4656,,3.00,NDC,No Degree Credit,ITDEV (152) 132,4615,,Web Software Dev Internship,5
4656,,3.00,NDC,No Degree Credit,ITDEV (152) 139,4615,,Ios Development,5
4656,,3.00,NDC,No Degree Credit,ITDEV (152) 143,4615,,Advanced Ios Development,5
4656,,3.00,NDC,No Degree Credit,ITDEV (152) 150,4615,,Intro to Perl Programming,5
4656,,3.00,NDC,No Degree Credit,ITDEV (152) 151,4615,,Scripting With Perl,5
4656,,3.00,NDC,No Degree Credit,ITDEV (152) 153,4615,,Professional Ios Development,5
4656,,3.00,NDC,No Degree Credit,ITDEV (152) 157,4615,,Ruby on Rails Development,5
4656,,1.00,NDC,No Degree Credit,ITDEV (152) 162,4615,,Html Beginning,5
4656,,1.00,NDC,No Degree Credit,ITDEV (152) 163,4615,,Html-Dynamic,5
4656,,1.00,NDC,No Degree Credit,ITDEV (152) 164,4615,,Web Site Design Concepts,5
4656,,1.00,NDC,No Degree Credit,ITDEV (152) 165,4615,,Javascript: An Introduction,5
4656,,3.00,NDC,No Degree Credit,ITDEV (152) 166,4615,,Php Web With Mysql,5
4656,,3.00,NDC,No Degree Credit,ITDEV (152) 167,4615,,Adv Php and Mysql Web,5
4656,,3.00,NDC,No Degree Credit,ITDEV (152) 168,4615,,Ajax and Javascript Web Dev,5
4656,,3.00,NDC,No Degree Credit,ITDEV (152) 174,4615,,It Mobile Development Intern,5
4656,,3.00,NDC,No Degree Credit,ITDEV (152) 189,4615,,Android Apps Development,5
4656,,3.00,NDC,No Degree Credit,ITDEV (152) 199,4615,,Flash & Flex Programming,5
4656,,1.00,NDC,No Degree Credit,COMPSOFT (103) 101,4615,,Computers-Beginning/Slow Paced,5
4656,,1.00,NDC,No Degree Credit,COMPSOFT (103) 102,4615,,Computer Operations-Beginning,5
4656,,1.00,NDC,No Degree Credit,COMPSOFT (103) 123,4615,,Windows 7,5
4656,,1.00,NDC,No Degree Credit,COMPSOFT (103) 125,4615,,Access - Intermediate,5
4656,,1.00,NDC,No Degree Credit,COMPSOFT (103) 126,4615,,Word - Advanced,5
4656,,1.00,NDC,No Degree Credit,COMPSOFT (103) 133,4615,,Excel - Beginning,5
4656,,1.00,NDC,No Degree Credit,COMPSOFT (103) 134,4615,,Windows 2000,5
4656,,1.00,NDC,No Degree Credit,COMPSOFT (103) 135,4615,,Windows Xp,5
4656,,1.00,NDC,No Degree Credit,COMPSOFT (103) 136,4615,,Word Intermediate,5
4656,,1.00,NDC,No Degree Credit,COMPSOFT (103) 137,4615,,Word Beginning,5
4656,,1.00,NDC,No Degree Credit,COMPSOFT (103) 139,4615,,Excel Intermediate,5
4656,,1.00,NDC,No Degree Credit,COMPSOFT (103) 140,4615,,Publisher,5
4656,,1.00,NDC,No Degree Credit,COMPSOFT (103) 143,4615,,Powerpoint,5
4656,,1.00,NDC,No Degree Credit,COMPSOFT (103) 145,4615,,Access,5
4656,,1.00,NDC,No Degree Credit,COMPSOFT (103) 146,4615,,Internet Introduction,5
4656,,1.00,NDC,No Degree Credit,COMPSOFT (103) 153,4615,,Powerpoint-Advanced,5
4656,,1.00,NDC,No Degree Credit,COMPSOFT (103) 163,4615,,Adobe Photoshop-Beginning,5
4656,,1.00,NDC,No Degree Credit,COMPSOFT (103) 164,4615,,Flash - Beginning,5
4656,,1.00,NDC,No Degree Credit,COMPSOFT (103) 165,4615,,Outlook,5
4656,,1.00,NDC,No Degree Credit,COMPSOFT (103) 167,4615,,Fireworks - Beginning,5
4656,,1.00,NDC,No Degree Credit,COMPSOFT (103) 168,4615,,Dreamweaver,5
4656,,3.00,NDC,No Degree Credit,BUSADM (102) 104,4615,,Bus Statistics,5
4656,,3.00,NDC,No Degree Credit,BUSADM (102) 114,4615,,Business Communication,5
4656,,3.00,NDC,No Degree Credit,BUSADM (102) 117,4615,,Money & Banking,5
4656,,3.00,NDC,No Degree Credit,BUSADM (102) 126,4615,,Corporate Finance,5
4656,,3.00,NDC,No Degree Credit,BUSADM (102) 127,4615,,Financial Analysis,5
4656,,3.00,NDC,No Degree Credit,BUSADM (102) 128,4615,,Financial Institutions,5
4656,,3.00,NDC,No Degree Credit,BUSADM (102) 130,4615,,Personal Finance,5
4656,,3.00,NDC,No Degree Credit,BUSADM (102) 134,4615,,"Bus Organization, Mgmt, Ethics",5
4656,,3.00,NDC,No Degree Credit,BUSADM (102) 135,4615,,Project Management - Fund,5
4656,,3.00,NDC,No Degree Credit,BUSADM (102) 137,4615,,Computer Accounting Applied,5
4656,,3.00,NDC,No Degree Credit,BUSADM (102) 140,4615,,Corporate Finance/Investments,5
4656,,3.00,NDC,No Degree Credit,BUSADM (102) 143,4615,,Management Techniques,5
4656,,3.00,NDC,No Degree Credit,BUSADM (102) 145,4615,,Intro to Human Resources,5
4656,,3.00,NDC,No Degree Credit,BUSADM (102) 150,4615,,Intro International Business,5
4656,,3.00,NDC,No Degree Credit,BUSADM (102) 160,4615,,Business Law 1,5
4656,,3.00,NDC,No Degree Credit,BUSADM (102) 161,4615,,Business Law II,5
4656,,3.00,NDC,No Degree Credit,BUSADM (102) 168,4615,,Employment Law,5
4656,,3.00,NDC,No Degree Credit,BUSADM (102) 171,4615,,Nonprofit Management,5
4656,,3.00,NDC,No Degree Credit,BUSADM (102) 201,4615,,Financial Life Skills,5
4656,,4.00,NDC,No Degree Credit,RLEST (194) 182,4615,,Real Estate Law and Sales,5
4656,,4.00,NDC,No Degree Credit,RLEST (194) 185,4615,,Real Estate Broker Management,5
4656,,4.00,NDC,No Degree Credit,RLEST (194) 186,4615,,Real Estate Appraisal 1-Part a,5
4656,,4.00,NDC,No Degree Credit,RLEST (194) 194,4615,,Home Inspection,5
4656,,3.00,NDC,No Degree Credit,SUPDEV (196) 134,4615,,Legal Issues For Supervisors,5
4656,,3.00,NDC,No Degree Credit,SUPDEV (196) 136,4615,,Safety in the Workplace,5
4656,,3.00,NDC,No Degree Credit,SUPDEV (196) 164,4615,,Personal Skills For Leaders,5
4656,,3.00,NDC,No Degree Credit,SUPDEV (196) 169,4615,,Diversity & Change Management,5
4656,,3.00,NDC,No Degree Credit,SUPDEV (196) 188,4615,,Project Management,5
4656,,3.00,NDC,No Degree Credit,SUPDEV (196) 189,4615,,Team Building & Problem Solvin,5
4656,,3.00,NDC,No Degree Credit,SUPDEV (196) 190,4615,,Leadership Development,5
4656,,3.00,NDC,No Degree Credit,SUPDEV (196) 191,4615,,Principles of Supervision,5
4656,,3.00,NDC,No Degree Credit,SUPDEV (196) 192,4615,,Foundations of Quality,5
4656,,3.00,NDC,No Degree Credit,SUPDEV (196) 193,4615,,Human Resource Management,5
4656,,3.00,NDC,No Degree Credit,ITMCS (154) 104,4615,,A+ Hardware Essentials,5
4656,,3.00,NDC,No Degree Credit,ITMCS (154) 110,4615,,Pc Troubleshooting 1,5
4656,,3.00,NDC,No Degree Credit,ITMCS (154) 112,4615,,Pc Troubleshooting 2,5
4656,,3.00,NDC,No Degree Credit,ITMCS (154) 184,4615,,Enterprise Client,5
4656,,3.00,NDC,No Degree Credit,ITMCS (154) 186,4615,,Windows Network Infrastructure,5
4656,,3.00,NDC,No Degree Credit,ITMCS (154) 189,4615,,Computer Hardware Essentials,5
4656,,3.00,NDC,No Degree Credit,ITMCS (154) 190,4615,,Linux Server 1,5
4656,,3.00,NDC,No Degree Credit,ITMCS (154) 192,4615,,Novell Netware Server,5
4656,,3.00,NDC,No Degree Credit,INSMGT (162) 125,4615,,Property & Casualty Insurance,5
4656,,3.00,NDC,No Degree Credit,INSMGT (162) 126,4615,,Intro Loss Investigatn(Aic 33),5
4656,,3.00,NDC,No Degree Credit,INSMGT (162) 135,4615,,Detecting Employee Fraud,5
4656,,2.00,NDC,No Degree Credit,INSMGT (162) 140,4615,,Risk Mgmt Insurance Internship,5
4656,,3.00,NDC,No Degree Credit,QUAL MGMT (185) 110,4615,,Managing For Quality,5
4656,,3.00,NDC,No Degree Credit,QUAL MGMT (185) 114,4615,,Stat Tech For Process Cntrl,5
4656,,3.00,NDC,No Degree Credit,COMART (201) 102,4615,,Design Fundamentals,5
4656,,3.00,NDC,No Degree Credit,COMART (201) 103,4615,,Drawing Fundamentals,5
4656,,3.00,NDC,No Degree Credit,COMART (201) 106,4615,,Illustration,5
4656,,3.00,NDC,No Degree Credit,COMART (201) 108,4615,,Type Design Fundamentals,5
4656,,3.00,NDC,No Degree Credit,COMART (201) 109,4615,,Typography 1,5
4656,,3.00,NDC,No Degree Credit,COMART (201) 110,4615,,Typography 2,5
4656,,2.00,NDC,No Degree Credit,COMART (201) 111,4615,,Illustration 2,5
4656,,2.00,NDC,No Degree Credit,COMART (201) 112,4615,,Color,5
4656,,3.00,NDC,No Degree Credit,COMART (201) 117,4615,,Illustrative Figure Drawing,5
4656,,3.00,NDC,No Degree Credit,COMART (201) 121,4615,,Graphic Design,5
4656,,2.00,NDC,No Degree Credit,COMART (201) 122,4615,,Graphic Design 2,5
4656,,3.00,NDC,No Degree Credit,COMART (201) 128,4615,,Print & Digital Production,5
4656,,3.00,NDC,No Degree Credit,COMART (201) 129,4615,,Print & Production 2,5
4656,,2.00,NDC,No Degree Credit,COMART (201) 136,4615,,Concept Development,5
4656,,2.00,NDC,No Degree Credit,COMART (201) 145,4615,,Intro to Screen Printing,5
4656,,2.00,NDC,No Degree Credit,COMART (201) 146,4615,,Adv. Screen Printing Workshop,5
4656,,3.00,NDC,No Degree Credit,COMART (201) 151,4615,,Typographic Design,5
4656,,2.00,NDC,No Degree Credit,COMART (201) 152,4615,,Applied Drawing,5
4656,,2.00,NDC,No Degree Credit,COMART (201) 153,4615,,Integrated Design,5
4656,,3.00,NDC,No Degree Credit,COMART (201) 154,4615,,Design Project Management,5
4656,,2.00,NDC,No Degree Credit,COMART (201) 162,4615,,Graphic Design Portfolio Prep,5
4656,,2.00,NDC,No Degree Credit,COMART (201) 169,4615,,Bus of Graphic Dsgn & Illustr,5
4656,,3.00,NDC,No Degree Credit,COMART (201) 177,4615,,Web Page Design,5
4656,,3.00,NDC,No Degree Credit,COMART (201) 178,4615,,Applied Ui Design,5
4656,,1.00,NDC,No Degree Credit,COMART (201) 180,4615,,Graphic Design Internship,5
4656,,3.00,NDC,No Degree Credit,COMART (201) 181,4615,,Intro Computer Graphics,5
4656,,3.00,NDC,No Degree Credit,COMART (201) 182,4615,,Applied Computer Graphics,5
4656,,2.00,NDC,No Degree Credit,COMART (201) 183,4615,,Electronic Illustration,5
4656,,2.00,NDC,No Degree Credit,COMART (201) 184,4615,,Advanced Design & Layout,5
4656,,3.00,NDC,No Degree Credit,COMART (201) 189,4615,,Web Design Project Management,5
4656,,3.00,NDC,No Degree Credit,COMART (201) 193,4615,,Mobile Web Design,5
4656,,3.00,NDC,No Degree Credit,COMART (201) 195,4615,,Advanced Web Page Design,5
4656,,3.00,NDC,No Degree Credit,COMART (201) 198,4615,,Social Media/Web Dsgn Strat,5
4656,,1.00,NDC,No Degree Credit,VICOM (206) 104,4615,,Visual Communication Internshp,5
4656,,3.00,NDC,No Degree Credit,VICOM (206) 105,4615,,Communication Design,5
4656,,2.00,NDC,No Degree Credit,VICOM (206) 107,4615,,Presentation Design,5
4656,,3.00,NDC,No Degree Credit,VICOM (206) 108,4615,,Digital Drawing & Design Fund,5
4656,,2.00,NDC,No Degree Credit,VICOM (206) 109,4615,,Intro to Electronic Design,5
4656,,3.00,NDC,No Degree Credit,VICOM (206) 110,4615,,Introduction to 3d,5
4656,,3.00,NDC,No Degree Credit,VICOM (206) 115,4615,,Digital Media/Photographers,5
4656,,3.00,NDC,No Degree Credit,VICOM (206) 120,4615,,Production Plan/Control,5
4656,,3.00,NDC,No Degree Credit,VICOM (206) 125,4615,,Instruction Media Systems,5
4656,,2.00,NDC,No Degree Credit,VICOM (206) 129,4615,,Motion Design,5
4656,,3.00,NDC,No Degree Credit,VICOM (206) 130,4615,,Video Production,5
4656,,3.00,NDC,No Degree Credit,VICOM (206) 131,4615,,Sound Production Techniques,5
4656,,2.00,NDC,No Degree Credit,VICOM (206) 133,4615,,Interface Design,5
4656,,3.00,NDC,No Degree Credit,VICOM (206) 135,4615,,Multi-Media Presentations,5
4656,,3.00,NDC,No Degree Credit,VICOM (206) 137,4615,,Computer Animation,5
4656,,2.00,NDC,No Degree Credit,VICOM (206) 140,4615,,Visual Comm Portfolio,5
4656,,3.00,NDC,No Degree Credit,VICOM (206) 142,4615,,Digital Video Prod/Editing,5
4656,,3.00,NDC,No Degree Credit,VICOM (206) 180,4615,,Advanced Media,5
4656,,2.00,NDC,No Degree Credit,VICOM (206) 190,4615,,Advanced Interactive Media,5
4656,,2.00,NDC,No Degree Credit,PHOTO (203) 105,4615,,Photo Composition,5
4656,,3.00,NDC,No Degree Credit,PHOTO (203) 107,4615,,Studio Photography 1,5
4656,,2.00,NDC,No Degree Credit,PHOTO (203) 120,4615,,Lighting Technique,5
4656,,3.00,NDC,No Degree Credit,PHOTO (203) 121,4615,,Commercial Photography 1,5
4656,,2.00,NDC,No Degree Credit,PHOTO (203) 124,4615,,Portrait Photography,5
4656,,1.00,NDC,No Degree Credit,PHOTO (203) 125,4615,,Business of Photography,5
4656,,2.00,NDC,No Degree Credit,PHOTO (203) 126,4615,,Adv. Digital Studio Portrait,5
4656,,2.00,NDC,No Degree Credit,PHOTO (203) 130,4615,,Intro Digital Photography,5
4656,,3.00,NDC,No Degree Credit,PHOTO (203) 134,4615,,Electronic Imaging,5
4656,,3.00,NDC,No Degree Credit,PHOTO (203) 141,4615,,Color Photography 1,5
4656,,3.00,NDC,No Degree Credit,PHOTO (203) 142,4615,,Color Photography 2,5
4656,,2.00,NDC,No Degree Credit,PHOTO (203) 170,4615,,Photo 1,5
4656,,2.00,NDC,No Degree Credit,PHOTO (203) 173,4615,,Photojournalism,5
4656,,3.00,NDC,No Degree Credit,PHOTO (203) 174,4615,,Photography on Location,5
4656,,2.00,NDC,No Degree Credit,PHOTO (203) 176,4615,,Photographic Communication,5
4656,,2.00,NDC,No Degree Credit,PHOTO (203) 185,4615,,Portfolio Preparation,5
4656,,1.00,NDC,No Degree Credit,HOUSING (304) 100,4615,,Survey of Interior Design Prof,5
4656,,3.00,NDC,No Degree Credit,HOUSING (304) 102,4615,,Fundamentals of Design,5
4656,,3.00,NDC,No Degree Credit,HOUSING (304) 104,4615,,Basic Architectural Drawing,5
4656,,3.00,NDC,No Degree Credit,HOUSING (304) 105,4615,,Bldg & Furniture Construction,5
4656,,3.00,NDC,No Degree Credit,HOUSING (304) 107,4615,,Interior Design Textiles,5
4656,,2.00,NDC,No Degree Credit,HOUSING (304) 109,4615,,Hist Arch & Interiors 1,5
4656,,2.00,NDC,No Degree Credit,HOUSING (304) 120,4615,,Adv Architectural Drawing,5
4656,,1.00,NDC,No Degree Credit,HOUSING (304) 122,4615,,Perspective Lab,5
4656,,2.00,NDC,No Degree Credit,HOUSING (304) 124,4615,,Presentation Techniques,5
4656,,3.00,NDC,No Degree Credit,HOUSING (304) 125,4615,,Residential Design 1,5
4656,,2.00,NDC,No Degree Credit,HOUSING (304) 127,4615,,Materials and Finishes,5
4656,,3.00,NDC,No Degree Credit,HOUSING (304) 129,4615,,History of Interior Design,5
4656,,5.00,NDC,No Degree Credit,HOUSING (304) 132,4615,,Kitchen & Bath Design,5
4656,,5.00,NDC,No Degree Credit,HOUSING (304) 133,4615,,Commercial Design,5
4656,,2.00,NDC,No Degree Credit,HOUSING (304) 135,4615,,Lighting,5
4656,,3.00,NDC,No Degree Credit,HOUSING (304) 142,4615,,Sales & Professional Practice,5
4656,,3.00,NDC,No Degree Credit,HOUSING (304) 143,4615,,Residental Design 2,5
4656,,3.00,NDC,No Degree Credit,HOUSING (304) 145,4615,,Interior Design Internship,5
4656,,2.00,NDC,No Degree Credit,HOUSING (304) 146,4615,,Trends & Issues in Int Des,5
4656,,2.00,NDC,No Degree Credit,HOUSING (304) 147,4615,,Portfolio Development,5
4656,,1.00,NDC,No Degree Credit,CUL ARTS (316) 101,4615,,Principles of Sanitation,5
4656,,3.00,NDC,No Degree Credit,CUL ARTS (316) 104,4615,,Advanced Skills Lab 1,5
4656,,2.00,NDC,No Degree Credit,CUL ARTS (316) 106,4615,,Food Theory,5
4656,,1.00,NDC,No Degree Credit,CUL ARTS (316) 108,4615,,Culinary Baking Fundamentals,5
4656,,4.00,NDC,No Degree Credit,CUL ARTS (316) 111,4615,,Professional Cooking 1,5
4656,,2.00,NDC,No Degree Credit,CUL ARTS (316) 115,4615,,Culinary Baking Lab,5
4656,,4.00,NDC,No Degree Credit,CUL ARTS (316) 121,4615,,Professional Cooking 2,5
4656,,4.00,NDC,No Degree Credit,CUL ARTS (316) 130,4615,,Advanced Skills Lab 2,5
4656,,2.00,NDC,No Degree Credit,CUL ARTS (316) 132,4615,,Waitstaff Training,5
4656,,2.00,NDC,No Degree Credit,CUL ARTS (316) 133,4615,,Garde Manger/Decorative Foods,5
4656,,2.00,NDC,No Degree Credit,CUL ARTS (316) 135,4615,,Dining Room Operations,5
4656,,2.00,NDC,No Degree Credit,CUL ARTS (316) 139,4615,,Catering,5
4656,,1.00,NDC,No Degree Credit,CUL ARTS (316) 140,4615,,Menu Planning/Writing,5
4656,,1.00,NDC,No Degree Credit,CUL ARTS (316) 152,4615,,Nutrition,5
4656,,1.00,NDC,No Degree Credit,CUL ARTS (316) 158,4615,,Food Purchasing Analysis,5
4656,,2.00,NDC,No Degree Credit,CUL ARTS (316) 178,4615,,Americana Cuisine,5
4656,,1.00,NDC,No Degree Credit,CUL ARTS (316) 188,4615,,Advanced Cake Decorating,5
4656,,1.00,NDC,No Degree Credit,CUL ARTS (316) 189,4615,,Breakfast Cookery,5
4656,,2.00,NDC,No Degree Credit,CUL ARTS (316) 190,4615,,Special Topics in Baking,5
4656,,2.00,NDC,No Degree Credit,CUL ARTS (316) 194,4615,,Culinary Internship,5
4656,,3.00,NDC,No Degree Credit,DIESEL (412) 112,4615,,Mobile Hydraulics,5
4656,,3.00,NDC,No Degree Credit,DIESEL (412) 125,4615,,Cab Climate Ctrl/Refrig Systs,5
4656,,4.00,NDC,No Degree Credit,DIESEL (412) 137,4615,,Preventive Maintenance,5
4656,,2.00,NDC,No Degree Credit,DIESEL (412) 138,4615,,Diesel Shop Management,5
4656,,3.00,NDC,No Degree Credit,DIESEL (412) 144,4615,,Fund Diesel Elect/Elect Sys,5
4656,,3.00,NDC,No Degree Credit,DIESEL (412) 145,4615,,Electrical/Electronic Sys Diag,5
4656,,4.00,NDC,No Degree Credit,DIESEL (412) 155,4615,,Heavy Duty Drivetrains,5
4656,,4.00,NDC,No Degree Credit,DIESEL (412) 164,4615,,Brake & Suspension Systems,5
4656,,4.00,NDC,No Degree Credit,DIESEL (412) 176,4615,,Diesel Fuel Systems,5
4656,,2.00,NDC,No Degree Credit,DIESEL (412) 177,4615,,Diesel Engine Diagnostics,5
4656,,2.00,NDC,No Degree Credit,DIESEL (412) 178,4615,,Diagnostic Strategies,5
4656,,2.00,NDC,No Degree Credit,DIESEL (412) 184,4615,,Diesel Engine Technology,5
4656,,4.00,NDC,No Degree Credit,DIESEL (412) 185,4615,,Diesel Engine Repair,5
4656,,2.00,NDC,No Degree Credit,DIESEL (412) 188,4615,,Electronic Control Systems,5
4656,,1.00,NDC,No Degree Credit,DIESEL (412) 190,4615,,Diesel Equipment Lab Experienc,5
4656,,2.00,NDC,No Degree Credit,DIESEL (412) 195,4615,,Occupational Work Experience 1,5
4656,,3.00,NDC,No Degree Credit,ELECSERV (414) 100,4615,,Dc/Ac Circuits For Industry,5
4656,,2.00,NDC,No Degree Credit,MACHSHOP (420) 126,4615,,Manufacturing Materials,5
4656,,2.00,NDC,No Degree Credit,WELD (442) 126,4615,,Metal Repair Techniques,5
4656,,1.00,NDC,No Degree Credit,IND MECH (462) 101,4615,,Osha Safety,5
4656,,5.00,NDC,No Degree Credit,IND MECH (462) 103,4615,,Mechanisms,5
4656,,2.00,NDC,No Degree Credit,IND MECH (462) 306,4615,,Metal Processes Maintenance,5
4656,,1.00,NDC,No Degree Credit,IND MECH (462) 311,4615,,Industrial Equip Mechanisms 2,5
4656,,3.00,NDC,No Degree Credit,IND MECH (462) 314,4615,,Industrial Maint Mechanic 1,5
4656,,3.00,NDC,No Degree Credit,IND MECH (462) 316,4615,,Industrial Maint Mechanic 2,5
4656,,2.00,NDC,No Degree Credit,IND MECH (462) 318,4615,,Maintenance Management,5
4656,,4.00,NDC,No Degree Credit,IND MECH (462) 322,4615,,Indus Electricity & Controls,5
4656,,3.00,NDC,No Degree Credit,IND MECH (462) 332,4615,,Heating and Air Conditioning 2,5
4656,,3.00,NDC,No Degree Credit,IND MECH (462) 340,4615,,"Manufact Systems, App & Contr",5
4656,,3.00,NDC,No Degree Credit,EARLYCHLD (307) 100,4615,,Intro Early Childhood Ed,5
4656,,3.00,NDC,No Degree Credit,EARLYCHLD (307) 101,4615,,Child Gr & Dev I,5
4656,,3.00,NDC,No Degree Credit,EARLYCHLD (307) 103,4615,,Underst/Guid Beh I,5
4656,,3.00,NDC,No Degree Credit,EARLYCHLD (307) 105,4615,,Basic Care,5
4656,,3.00,NDC,No Degree Credit,EARLYCHLD (307) 106,4615,,Practcum/Seminar 1,5
4656,,2.00,NDC,No Degree Credit,EARLYCHLD (307) 132,4615,,Ece: Literacy & Math Institute,5
4656,,3.00,NDC,No Degree Credit,EARLYCHLD (307) 148,4615,,Ece: Foundations of Ece,5
4656,,3.00,NDC,No Degree Credit,EARLYCHLD (307) 151,4615,,Ece: Infant & Toddler Dev,5
4656,,3.00,NDC,No Degree Credit,EARLYCHLD (307) 166,4615,,Ece: Curriculum Planning,5
4656,,3.00,NDC,No Degree Credit,EARLYCHLD (307) 167,4615,,Ece: Hlth Safety & Nutrition,5
4656,,3.00,NDC,No Degree Credit,EARLYCHLD (307) 174,4615,,Ece: Practicum 1,5
4656,,3.00,NDC,No Degree Credit,EARLYCHLD (307) 178,4615,,Ece: Art Music & Lang Arts,5
4656,,3.00,NDC,No Degree Credit,EARLYCHLD (307) 179,4615,,Ece: Child Development,5
4656,,3.00,NDC,No Degree Credit,EARLYCHLD (307) 187,4615,,Ece: Children W Diff Abilities,5
4656,,3.00,NDC,No Degree Credit,EARLYCHLD (307) 188,4615,,Ece: Guiding Child Behavior,5
4656,,3.00,NDC,No Degree Credit,EARLYCHLD (307) 189,4615,,Behavior & Emotional Challenge,5
4656,,3.00,NDC,No Degree Credit,EARLYCHLD (307) 192,4615,,Ece: Practicum 2,5
4656,,3.00,NDC,No Degree Credit,EARLYCHLD (307) 194,4615,,Ece: Math Science & Soc St,5
4656,,3.00,NDC,No Degree Credit,EARLYCHLD (307) 195,4615,,Ece: Family & Community Rel,5
4656,,3.00,NDC,No Degree Credit,EARLYCHLD (307) 197,4615,,Ece: Practicum 3,5
4656,,3.00,NDC,No Degree Credit,EARLYCHLD (307) 198,4615,,Ece: Admin An Ece Program,5
4656,,3.00,NDC,No Degree Credit,EARLYCHLD (307) 199,4615,,Ece: Practicum 4,5
4656,,1.00,NDC,No Degree Credit,ENERSVS (468) 122,4615,,Intro to Biodiesel Fuel,5
4656,,3.00,NDC,No Degree Credit,ENERSVS (468) 160,4615,,Intro to Biomass Energy,5
4656,,3.00,NDC,No Degree Credit,RENEW ELEC (482) 101,4615,,Intro Wind Energy Technology,5
4656,,1.00,NDC,No Degree Credit,RENEW ELEC (482) 153,4615,,Wind Turbine Installation,5
4656,,3.00,NDC,No Degree Credit,MEDTERM (501) 101,4615,,Medical Terminology,5
4656,,3.00,NDC,No Degree Credit,MEDTERM (501) 102,4615,,Health Care Exploration,5
4656,,2.00,NDC,No Degree Credit,MEDTERM (501) 120,4615,,Diagnostic Aide,5
4656,,3.00,NDC,No Degree Credit,MEDTERM (501) 142,4615,,Health Care Exploration,5
4656,,3.00,NDC,No Degree Credit,MEDTERM (501) 153,4615,,Body Structure & Function,5
4656,,2.00,NDC,No Degree Credit,MEDTERM (501) 180,4615,,Medical Term,5
4656,,2.00,NDC,No Degree Credit,MEDTERM (501) 181,4615,,Medical Terminology 2,5
4656,,3.00,NDC,No Degree Credit,CRIM JUST (504) 102,4615,,Org Admin,5
4656,,1.00,NDC,No Degree Credit,CRIM JUST (504) 103,4615,,Prof Dev Sem For Criminal Just,5
4656,,3.00,NDC,No Degree Credit,CRIM JUST (504) 111,4615,,Intro to Criminal Justice,5
4656,,3.00,NDC,No Degree Credit,CRIM JUST (504) 113,4615,,Crim Law Proc,5
4656,,3.00,NDC,No Degree Credit,CRIM JUST (504) 115,4615,,Constitutional Law,5
4656,,3.00,NDC,No Degree Credit,CRIM JUST (504) 121,4615,,Patrol Procedures,5
4656,,3.00,NDC,No Degree Credit,CRIM JUST (504) 123,4615,,Criminal Investigation,5
4656,,3.00,NDC,No Degree Credit,CRIM JUST (504) 135,4615,,Juvenile Justice,5
4656,,3.00,NDC,No Degree Credit,CRIM JUST (504) 136,4615,,Juvenile Law,5
4656,,3.00,NDC,No Degree Credit,CRIM JUST (504) 141,4615,,Report Writing,5
4656,,3.00,NDC,No Degree Credit,CRIM JUST (504) 143,4615,,Criminology/Law Enforcement,5
4656,,3.00,NDC,No Degree Credit,CRIM JUST (504) 152,4615,,Emergency Management,5
4656,,3.00,NDC,No Degree Credit,CRIM JUST (504) 160,4615,,Professional Communications,5
4656,,3.00,NDC,No Degree Credit,CRIM JUST (504) 165,4615,,Community Policing Strategies,5
4656,,3.00,NDC,No Degree Credit,CRIM JUST (504) 170,4615,,Introduction to Corrections,5
4656,,3.00,NDC,No Degree Credit,CRIM JUST (504) 171,4615,,Private Sector Security,5
4656,,3.00,NDC,No Degree Credit,CRIM JUST (504) 900,4615,,Intro to Criminal Justice,5
4656,,3.00,NDC,No Degree Credit,CRIM JUST (504) 901,4615,,Constitutional Law,5
4656,,3.00,NDC,No Degree Credit,CRIM JUST (504) 902,4615,,Criminal Law,5
4656,,3.00,NDC,No Degree Credit,CRIM JUST (504) 903,4615,,Professional Communications,5
4656,,3.00,NDC,No Degree Credit,CRIM JUST (504) 904,4615,,Juvenile Law,5
4656,,3.00,NDC,No Degree Credit,CRIM JUST (504) 906,4615,,Criminal Investigation Theory,5
4656,,3.00,NDC,No Degree Credit,CRIM JUST (504) 907,4615,,Community Policing Strategies,5
4656,,3.00,NDC,No Degree Credit,CRIM JUST (504) 908,4615,,Traffic Theory,5
4656,,2.00,NDC,No Degree Credit,MASST (509) 180,4615,,Medical Terminology,5
4656,,2.00,NDC,No Degree Credit,MASST (509) 181,4615,,Medical Term 2,5
4656,,3.00,NDC,No Degree Credit,MASST (509) 801,4615,,Honors - Medical Assistant,5
4656,,3.00,NDC,No Degree Credit,MED SUPP (510) 103,4615,,Body Structure Ssm,5
4656,,1.00,NDC,No Degree Credit,MED SUPP (510) 160,4615,,Introductory Nursing Skills,5
4656,,7.00,NDC,No Degree Credit,MED SUPP (510) 161,4615,,Intro Nrsg & Nrsg Assessment,5
4656,,3.00,NDC,No Degree Credit,MED SUPP (510) 162,4615,,Core Concepts Nursing Pract,5
4656,,6.00,NDC,No Degree Credit,MED SUPP (510) 163,4615,,Nursing and Health Care,5
4656,,1.00,NDC,No Degree Credit,MED SUPP (510) 164,4615,,Orient Associate Degree Nrsg,5
4656,,7.00,NDC,No Degree Credit,MED SUPP (510) 165,4615,,Transition to Nursing Pract 1,5
4656,,4.00,NDC,No Degree Credit,MED SUPP (510) 166,4615,,Transition to Nursing Pract 2,5
4656,,7.00,NDC,No Degree Credit,MED SUPP (510) 167,4615,,Transition to Nursing Pract 3,5
4656,,5.00,NDC,No Degree Credit,MED SUPP (510) 168,4615,,Transition to Nursing Pract 4,5
4656,,1.00,NDC,No Degree Credit,ANIM (207) 101,4615,,Animation Industry Overview,5
4656,,2.00,NDC,No Degree Credit,ANIM (207) 103,4615,,Basic Drawing For Concepting,5
4656,,2.00,NDC,No Degree Credit,ANIM (207) 110,4615,,Animation 1,5
4656,,2.00,NDC,No Degree Credit,ANIM (207) 111,4615,,Texturing 1,5
4656,,2.00,NDC,No Degree Credit,ANIM (207) 112,4615,,Photoshop For 3d & Concepting,5
4656,,2.00,NDC,No Degree Credit,ANIM (207) 114,4615,,Modeling 1,5
4656,,2.00,NDC,No Degree Credit,ANIM (207) 139,4615,,Design & Color For Concepting,5
4656,,3.00,NDC,No Degree Credit,ANIM (207) 141,4615,,Production Studio,5
4656,,2.00,NDC,No Degree Credit,ANIM (207) 152,4615,,Advanced Digital Illustration,5
4656,,2.00,NDC,No Degree Credit,PRTG (204) 100,4615,,Survey of Offset Lithography,5
4656,,2.00,NDC,No Degree Credit,LABASST (513) 100,4615,,Introduction to Phlebotomy,5
4656,,4.00,NDC,No Degree Credit,LABASST (513) 109,4615,,Blood Bank,5
4656,,1.00,NDC,No Degree Credit,LABASST (513) 110,4615,,Basic Lab Skills,5
4656,,2.00,NDC,No Degree Credit,LABASST (513) 111,4615,,Phlebotomy,5
4656,,1.00,NDC,No Degree Credit,LABASST (513) 113,4615,,Qa Lab Math,5
4656,,2.00,NDC,No Degree Credit,LABASST (513) 114,4615,,Urinalysis,5
4656,,2.00,NDC,No Degree Credit,LABASST (513) 115,4615,,Basic Immunology Concepts,5
4656,,3.00,NDC,No Degree Credit,LABASST (513) 120,4615,,Basic Hematology,5
4656,,1.00,NDC,No Degree Credit,LABASST (513) 121,4615,,Coagulation,5
4656,,2.00,NDC,No Degree Credit,LABASST (513) 122,4615,,Introduction to Blood Bank,5
4656,,2.00,NDC,No Degree Credit,LABASST (513) 123,4615,,Advanced Blood Bank,5
4656,,2.00,NDC,No Degree Credit,LABASST (513) 130,4615,,Advanced Hematology,5
4656,,3.00,NDC,No Degree Credit,LABASST (513) 131,4615,,Clinical Chemistry 1,5
4656,,2.00,NDC,No Degree Credit,LABASST (513) 132,4615,,Clinical Chemistry 2,5
4656,,4.00,NDC,No Degree Credit,LABASST (513) 133,4615,,Clinical Microbiology,5
4656,,2.00,NDC,No Degree Credit,LABASST (513) 140,4615,,Advanced Microbiology,5
4656,,2.00,NDC,No Degree Credit,LABASST (513) 141,4615,,Pre-Clinical Experience,5
4656,,3.00,NDC,No Degree Credit,LABASST (513) 151,4615,,Clinical Experience 1,5
4656,,4.00,NDC,No Degree Credit,LABASST (513) 152,4615,,Clinical Experience 2,5
4656,,1.00,NDC,No Degree Credit,LABASST (513) 153,4615,,Capstone Project,5
4656,,2.00,NDC,No Degree Credit,LABASST (513) 154,4615,,Phlebotomy Techniques,5
4656,,1.00,NDC,No Degree Credit,LABASST (513) 180,4615,,Body Fluids Analysis,5
4656,,2.00,NDC,No Degree Credit,BIOFUELS (484) 120,4615,,Introduction to Biofuels,5
4656,,1.00,NDC,No Degree Credit,BIOFUELS (484) 130,4615,,Intro to Biodiesel Fuel,5
4656,,5.00,NDC,No Degree Credit,FIRET (503) 100,4615,,Fire Recruit Academy,5
4656,,4.00,NDC,No Degree Credit,RESPC (515) 170,4615,,Respiratory Therapy Survey,5
4656,,3.00,NDC,No Degree Credit,RESPC (515) 171,4615,,Respiratory Therapeutics 1,5
4656,,3.00,NDC,No Degree Credit,RESPC (515) 172,4615,,Respiratory Therapeutics 2,5
4656,,3.00,NDC,No Degree Credit,RESPC (515) 173,4615,,Respiratory Pharmacology,5
4656,,3.00,NDC,No Degree Credit,RESPC (515) 174,4615,,Respiratory/Cardiac Physiology,5
4656,,2.00,NDC,No Degree Credit,RESPC (515) 175,4615,,Respiratory Clinical 1,5
4656,,3.00,NDC,No Degree Credit,RESPC (515) 176,4615,,Respiratory Disease,5
4656,,4.00,NDC,No Degree Credit,RESPC (515) 177,4615,,Respiratory Life Supp Tech,5
4656,,3.00,NDC,No Degree Credit,RESPC (515) 178,4615,,Respiratory Clinical 2,5
4656,,3.00,NDC,No Degree Credit,RESPC (515) 179,4615,,Respiratory Clinical 3,5
4656,,2.00,NDC,No Degree Credit,RESPC (515) 180,4615,,Respiratory Neo/Peds Care,5
4656,,3.00,NDC,No Degree Credit,RESPC (515) 181,4615,,Respiratory/Cardio Diagnostics,5
4656,,3.00,NDC,No Degree Credit,RESPC (515) 182,4615,,Respiratory Clinical 4,5
4656,,3.00,NDC,No Degree Credit,RESPC (515) 183,4615,,Respiratory Clinical 5,5
4656,,3.00,NDC,No Degree Credit,HUMSVC (520) 105,4615,,Intro Human Services,5
4656,,3.00,NDC,No Degree Credit,HUMSVC (520) 106,4615,,Orient  Hum Svs Populations,5
4656,,3.00,NDC,No Degree Credit,HUMSVC (520) 116,4615,,Group Work Skills,5
4656,,3.00,NDC,No Degree Credit,HUMSVC (520) 117,4615,,Interviewing,5
4656,,3.00,NDC,No Degree Credit,HUMSVC (520) 130,4615,,Social Change Skills,5
4656,,3.00,NDC,No Degree Credit,HUMSVC (520) 135,4615,,Issuses Alcohol/Drug Abuse,5
4656,,3.00,NDC,No Degree Credit,HUMSVC (520) 136,4615,,Cnsl Alcoh/Oth Drug Abusers,5
4656,,3.00,NDC,No Degree Credit,HUMSVC (520) 141,4615,,Intro Comm Mental Health,5
4656,,1.00,NDC,No Degree Credit,DENTAL (508) 101,4615,,Dental Health Safety,5
4656,,4.00,NDC,No Degree Credit,DENTAL (508) 102,4615,,"Oral Anatomy, Embry, Histology",5
4656,,2.00,NDC,No Degree Credit,DENTAL (508) 103,4615,,Dental Radiography,5
4656,,4.00,NDC,No Degree Credit,DENTAL (508) 105,4615,,Dental Hygiene Process 1,5
4656,,4.00,NDC,No Degree Credit,DENTAL (508) 106,4615,,Dental Hygiene Process 2,5
4656,,1.00,NDC,No Degree Credit,DENTAL (508) 107,4615,,Dental Hygiene Ethics & Profes,5
4656,,3.00,NDC,No Degree Credit,DENTAL (508) 108,4615,,Periodontology,5
4656,,1.00,NDC,No Degree Credit,DENTAL (508) 109,4615,,Cariology,5
4656,,2.00,NDC,No Degree Credit,DENTAL (508) 110,4615,,Nutrition and Dental Health,5
4656,,3.00,NDC,No Degree Credit,DENTAL (508) 111,4615,,General & Oral Pathology,5
4656,,5.00,NDC,No Degree Credit,DENTAL (508) 112,4615,,Dental Hygiene Process 3,5
4656,,2.00,NDC,No Degree Credit,DENTAL (508) 113,4615,,Dental Materials,5
4656,,2.00,NDC,No Degree Credit,DENTAL (508) 114,4615,,Dental Pharmacology,5
4656,,2.00,NDC,No Degree Credit,DENTAL (508) 115,4615,,Community Dental Health,5
4656,,1.00,NDC,No Degree Credit,DENTAL (508) 116,4615,,Dental Pain Management,5
4656,,4.00,NDC,No Degree Credit,DENTAL (508) 117,4615,,Dental Hygiene Process 4,5
4656,,2.00,NDC,No Degree Credit,DENTAL (508) 304,4615,,Dental & General Anatomy,5
4656,,2.00,NDC,No Degree Credit,NRSAD (543) 101,4615,,Nursing Fundamentals,5
4656,,3.00,NDC,No Degree Credit,NRSAD (543) 102,4615,,Nursing Skills,5
4656,,2.00,NDC,No Degree Credit,NRSAD (543) 103,4615,,Nursing Pharmacology,5
4656,,2.00,NDC,No Degree Credit,NRSAD (543) 104,4615,,Nsg: Intro Clinical Practice,5
4656,,3.00,NDC,No Degree Credit,NRSAD (543) 105,4615,,Nursing Health Alterations,5
4656,,3.00,NDC,No Degree Credit,NRSAD (543) 106,4615,,Nursing Health Promotion,5
4656,,2.00,NDC,No Degree Credit,NRSAD (543) 107,4615,,Nsg: Clin Care Across Lifespan,5
4656,,2.00,NDC,No Degree Credit,NRSAD (543) 108,4615,,Nsg: Intro Clinical Care Mgt,5
4656,,3.00,NDC,No Degree Credit,NRSAD (543) 109,4615,,Nsg: Complex Health Alterat 1,5
4656,,2.00,NDC,No Degree Credit,NRSAD (543) 110,4615,,Nsg: Mental Health Comm Con,5
4656,,3.00,NDC,No Degree Credit,NRSAD (543) 111,4615,,Nsg: Intermed Clin Practice,5
4656,,1.00,NDC,No Degree Credit,NRSAD (543) 112,4615,,Nursing Advanced Skills,5
4656,,3.00,NDC,No Degree Credit,NRSAD (543) 113,4615,,Nsg: Complex Health Alterat 2,5
4656,,2.00,NDC,No Degree Credit,NRSAD (543) 114,4615,,Nsg: Mgt & Profess Concepts,5
4656,,3.00,NDC,No Degree Credit,NRSAD (543) 115,4615,,Nsg: Adv Clinical Practice,5
4656,,2.00,NDC,No Degree Credit,NRSAD (543) 116,4615,,Nursing Clinical Transition,5
4656,,2.00,NDC,No Degree Credit,NRSAD (543) 120,4615,,Nursing Success,5
4656,,3.00,NDC,No Degree Credit,NRSAD (543) 164,4615,,Orient Associate Degree Nrsg,5
4656,,3.00,NDC,No Degree Credit,NRSAD (543) 801,4615,,Honors - Nursing,5
4656,,5.00,NDC,No Degree Credit,AUTOTEC (602) 102,4615,,Service Repair Procedures,5
4656,,2.00,NDC,No Degree Credit,AUTOTEC (602) 115,4615,,Hybrid/Alt Fueled Vehicles,5
4656,,5.00,NDC,No Degree Credit,AUTOTEC (602) 150,4615,,Internal Combustion Engines,5
4656,,5.00,NDC,No Degree Credit,AUTOTEC (602) 152,4615,,Driveability Analysis,5
4656,,4.00,NDC,No Degree Credit,AUTOTEC (602) 153,4615,,Manual Drivetrains & Axles,5
4656,,5.00,NDC,No Degree Credit,AUTOTEC (602) 154,4615,,Automatic Transmissions,5
4656,,2.00,NDC,No Degree Credit,AUTOTEC (602) 156,4615,,Comfort Control Systems,5
4656,,5.00,NDC,No Degree Credit,AUTOTEC (602) 157,4615,,Technical Braking Systems,5
4656,,1.00,NDC,No Degree Credit,AUTOTEC (602) 158,4615,,Service Management,5
4656,,2.00,NDC,No Degree Credit,AUTOTEC (602) 162,4615,,Automobile Accessories,5
4656,,5.00,NDC,No Degree Credit,AUTOTEC (602) 163,4615,,Steering + Suspension Systems,5
4656,,5.00,NDC,No Degree Credit,AUTOTEC (602) 166,4615,,Powertrain Management Tech,5
4656,,3.00,NDC,No Degree Credit,ELECT (605) 112,4615,,Dc Fundamentals,5
4656,,3.00,NDC,No Degree Credit,ELECT (605) 113,4615,,Analog & Solid State Devices-D,5
4656,,3.00,NDC,No Degree Credit,ELECT (605) 114,4615,,Ac Fundamentals,5
4656,,3.00,NDC,No Degree Credit,ELECT (605) 115,4615,,Analog Solid State Devices-Ac,5
4656,,3.00,NDC,No Degree Credit,ELECT (605) 118,4615,,Digital Circuits Fundamentals,5
4656,,3.00,NDC,No Degree Credit,ELECT (605) 119,4615,,Advanced Digital Circuits,5
4656,,4.00,NDC,No Degree Credit,ELECT (605) 131,4615,,Technical Calculus 1,5
4656,,3.00,NDC,No Degree Credit,ELECT (605) 143,4615,,Motors and Control Systems,5
4656,,3.00,NDC,No Degree Credit,ELECT (605) 150,4615,,Electronic Data Transmission,5
4656,,2.00,NDC,No Degree Credit,ELECT (605) 171,4615,,Applied Electronic Math 1,5
4656,,2.00,NDC,No Degree Credit,ELECT (605) 172,4615,,Applied Electronic Math 2,5
4656,,3.00,NDC,No Degree Credit,ELECT (605) 173,4615,,Embedded Programming,5
4656,,3.00,NDC,No Degree Credit,ELECT (605) 176,4615,,Microcontrollers,5
4656,,3.00,NDC,No Degree Credit,ELECT (605) 178,4615,,Network and Operating Systems,5
4656,,4.00,NDC,No Degree Credit,ELECT (605) 190,4615,,Sp Prob Electronic,5
4656,E,3.00,E C E 252,Intro to Computer Engineering,ELECT (605) 252,4615,,Intro to Computer Engineering,
4656,,3.00,E C E EL,Electrical and Computer Engineering Elective,ELECT (605) 270,4615,,Ac/Dc Circuit Tech & Prin,
4656,,3.00,NDC,No Degree Credit,MECTEC (606) 100,4615,,Engineering Technology Comm,5
4656,,3.00,NDC,No Degree Credit,MECTEC (606) 101,4615,,Engineering Technology Fund,5
4656,,3.00,NDC,No Degree Credit,MECTEC (606) 104,4615,,Engineering Tech Practices,5
4656,,3.00,NDC,No Degree Credit,MECTEC (606) 112,4615,,Tool Design Technology,5
4656,,3.00,NDC,No Degree Credit,MECTEC (606) 116,4615,,Machine Design,5
4656,,1.00,NDC,No Degree Credit,MECTEC (606) 120,4615,,2-D Cad,5
4656,,3.00,NDC,No Degree Credit,MECTEC (606) 125,4615,,Plastics For Mech Design,5
4656,,1.00,NDC,No Degree Credit,MECTEC (606) 130,4615,,Solidworks 1,5
4656,,2.00,NDC,No Degree Credit,MECTEC (606) 131,4615,,Solidworks 2,5
4656,,1.00,NDC,No Degree Credit,MECTEC (606) 140,4615,,Dimensioning Practices,5
4656,,2.00,NDC,No Degree Credit,MECTEC (606) 150,4615,,Cae Applications,5
4656,,2.00,NDC,No Degree Credit,MECTEC (606) 152,4615,,"Plc, Hydraulics, Pneumatics",5
4656,,3.00,NDC,No Degree Credit,MECTEC (606) 155,4615,,Statics and Mechanics,5
4656,,2.00,NDC,No Degree Credit,MECTEC (606) 160,4615,,Fund of Mfg/Eng Materials,5
4656,,2.00,NDC,No Degree Credit,MECTEC (606) 161,4615,,Manufacturing Processes,5
4656,,2.00,NDC,No Degree Credit,MECTEC (606) 163,4615,,Engineering Tech Project Mgmt,5
4656,,2.00,NDC,No Degree Credit,MECTEC (606) 164,4615,,Quality Systems in Mech Eng,5
4656,,3.00,NDC,No Degree Credit,MECTEC (606) 170,4615,,Strength of Materials,5
4656,,3.00,NDC,No Degree Credit,MECTEC (606) 186,4615,,Engineering Technology Apps,5
4656,,1.00,NDC,No Degree Credit,MECTEC (606) 193,4615,,Job Orient,5
4656,,3.00,M E 231,Intro Engineering Graphics,MECTEC (606) 231,4615,,Intro Engineering Graphics,
4656,,2.00,NDC,No Degree Credit,CIVILET (607) 120,4615,,Methods in Civil Engineering,5
4656,,3.00,NDC,No Degree Credit,CIVILET (607) 133,4615,,Civil Engineering Estimating,5
4656,,3.00,NDC,No Degree Credit,CIVILET (607) 147,4615,,Civil Drawing,5
4656,,2.00,NDC,No Degree Credit,CIVILET (607) 148,4615,,Civil Drawing 2,5
4656,,2.00,NDC,No Degree Credit,CIVILET (607) 149,4615,,Aggragates and Concrete,5
4656,,3.00,NDC,No Degree Credit,CIVILET (607) 155,4615,,Survey 1,5
4656,,3.00,NDC,No Degree Credit,CIVILET (607) 156,4615,,Survey 2,5
4656,,3.00,NDC,No Degree Credit,CIVILET (607) 158,4615,,Advanced Surveying,5
4656,,2.00,NDC,No Degree Credit,CIVILET (607) 160,4615,,Soils in Civil Engineering,5
4656,,3.00,NDC,No Degree Credit,CIVILET (607) 161,4615,,Project,5
4656,,2.00,NDC,No Degree Credit,CIVILET (607) 171,4615,,Ce Construction Materials,5
4656,,2.00,NDC,No Degree Credit,CIVILET (607) 172,4615,,Stormwater Management,5
4656,,1.00,NDC,No Degree Credit,CIVILET (607) 174,4615,,Intro Global Position System,5
4656,,3.00,NDC,No Degree Credit,CIVILET (607) 177,4615,,Legal Elements of Engineering,5
4656,,2.00,NDC,No Degree Credit,CIVILET (607) 179,4615,,Intro to Gis,5
4656,,2.00,NDC,No Degree Credit,CIVILET (607) 182,4615,,Water Supply and Sewerage,5
4656,,1.00,NDC,No Degree Credit,CIVILET (607) 193,4615,,Job Orien,5
4656,,5.00,NDC,No Degree Credit,EMS (531) 101,4615,,Emergency Medical Technician,5
4656,,2.00,NDC,No Degree Credit,EMS (531) 102,4615,,Emergency Medical Technician 1,5
4656,,2.00,NDC,No Degree Credit,EMS (531) 150,4615,,Emergency Response For Ps,5
4656,,3.00,NDC,No Degree Credit,ARCHT (614) 101,4615,,Architectural Theory 1,5
4656,,3.00,NDC,No Degree Credit,ARCHT (614) 102,4615,,Architecture History,5
4656,,4.00,NDC,No Degree Credit,ARCHT (614) 111,4615,,Architecture & Graphics,5
4656,,3.00,NDC,No Degree Credit,ARCHT (614) 113,4615,,Intro to Cad-Architechural,5
4656,,2.00,NDC,No Degree Credit,ARCHT (614) 114,4615,,Advanced Cad,5
4656,,3.00,NDC,No Degree Credit,ARCHT (614) 115,4615,,Intro to Revit,5
4656,,3.00,NDC,No Degree Credit,ARCHT (614) 121,4615,,Construction Materials,5
4656,,2.00,NDC,No Degree Credit,ARCHT (614) 132,4615,,Building Estimating,5
4656,,2.00,NDC,No Degree Credit,ARCHT (614) 135,4615,,Building Codes,5
4656,,4.00,NDC,No Degree Credit,ARCHT (614) 145,4615,,Architectural Design Studio,5
4656,,2.00,NDC,No Degree Credit,AUTMFG (628) 168,4615,,Robotics Indus Automation 2,5
4656,,1.00,NDC,No Degree Credit,AUTMFG (628) 170,4615,,Robotics Industr Automation 1,5
4656,,2.00,NDC,No Degree Credit,AUTMFG (628) 172,4615,,Vision For Robotics in Ind Aut,5
4656,,1.00,NDC,No Degree Credit,AUTMFG (628) 401,4615,,Plcs For Industr Automation 1,5
4656,,1.00,NDC,No Degree Credit,AUTMFG (628) 402,4615,,Plcs For Indus Automation 2,5
4656,,2.00,NDC,No Degree Credit,AUTMFG (628) 403,4615,,Programmable Auto Controller 1,5
4656,,2.00,NDC,No Degree Credit,AUTMFG (628) 404,4615,,Programmable Auto Controller 2,5
4656,,2.00,NDC,No Degree Credit,AUTMFG (628) 408,4615,,Computer-Assisted Design-2d,5
4656,,2.00,NDC,No Degree Credit,AUTMFG (628) 409,4615,,Computer-Assisted Design-3d,5
4656,,4.00,NDC,No Degree Credit,AUTMFG (628) 450,4615,,Integr Mechanisms & Controls 1,5
4656,,4.00,NDC,No Degree Credit,AUTMFG (628) 451,4615,,Integr Mechanisms & Controls 2,5
4656,,2.00,NDC,No Degree Credit,AUTMFG (628) 500,4615,,Intro to Hmi and Scada Develop,5
4656,,3.00,NDC,No Degree Credit,ELECMIC (636) 111,4615,,Scanning Electron Microscopy,5
4656,,4.00,NDC,No Degree Credit,ELECMIC (636) 112,4615,,Transmission Electr Microscopy,5
4656,,2.00,NDC,No Degree Credit,ELECMIC (636) 113,4615,,Em Image Processing 1,5
4656,,2.00,NDC,No Degree Credit,ELECMIC (636) 115,4615,,Em Photography & Lab Safety,5
4656,,3.00,NDC,No Degree Credit,ELECMIC (636) 121,4615,,Biological Sample Preparation,5
4656,,4.00,NDC,No Degree Credit,ELECMIC (636) 122,4615,,Physical Sample Prep & Fib,5
4656,,2.00,NDC,No Degree Credit,ELECMIC (636) 123,4615,,Em Image Processing 2,5
4656,,3.00,NDC,No Degree Credit,ELECMIC (636) 131,4615,,Adv Bio Tech & Ultrastructure,5
4656,,4.00,NDC,No Degree Credit,ELECMIC (636) 132,4615,,Difffraction & Materials,5
4656,,2.00,NDC,No Degree Credit,ELECMIC (636) 133,4615,,Em Image Proc 3:  Presentation,5
4656,,3.00,NDC,No Degree Credit,ELECMIC (636) 135,4615,,Lab & Microscope Maintenance,5
4656,,4.00,NDC,No Degree Credit,ELECMIC (636) 141,4615,,X-Ray Microanalysis,5
4656,,3.00,NDC,No Degree Credit,ELECMIC (636) 143,4615,,Spec Em Tech & Spectroscopy,5
4656,,2.00,NDC,No Degree Credit,ELECMIC (636) 147,4615,,Elec Microscopy Spec Proj,5
4656,,1.00,NDC,No Degree Credit,INDMANUF (623) 100,4615,,Safety For Industry,5
4656,,2.00,NDC,No Degree Credit,INDMANUF (623) 200,4615,,Interpreting Engineer Drawings,5
4656,,3.00,INTEREGR 160,Intro to Engineering Design,INDMANUF (623) 260,4615,,Intro to Engineering,
4656,,3.00,NDC,No Degree Credit,INDMANUF (623) 290,4615,,Renewable Energy Int'l Dev,5
4656,,1.00,NDC,No Degree Credit,INDMANUF (623) 300,4615,,Fluid Power 1 For Industry,5
4656,,2.00,NDC,No Degree Credit,INDMANUF (623) 301,4615,,Fluid Power 2 For Industry,5
4656,,1.00,NDC,No Degree Credit,INDMANUF (623) 310,4615,,Mechanisms For Industry,5
4656,,2.00,NDC,No Degree Credit,INDMANUF (623) 500,4615,,Comp Integrated Manuf 1 Intro,5
4656,,2.00,NDC,No Degree Credit,INDMANUF (623) 501,4615,,Computer Integrated Manuf 2,5
4656,,3.00,NDC,No Degree Credit,ELECENG (662) 112,4615,,Ac/Dc Electronics 3,5
4656,,3.00,NDC,No Degree Credit,ELECENG (662) 124,4615,,Circuit Analysis,5
4656,E,3.00,ScSt/Hum EL,Soc Studies Or Humanities Elective,SOCSCI (809) 103,4615,Z,Think Critically & Creatively,
4656,E,3.00,POLI SCI 104,Intro-Amer Politcs&Governmt,SOCSCI (809) 122,4615,"S, UCTA",Intro to Amer Government,22
4656,E,3.00,POLI SCI EL,Political Science Elective,SOCSCI (809) 125,4615,S,Government Process/Practice,
4656,,3.00,NDC,No Degree Credit,SOCSCI (809) 127,4615,,Human Development,"257, 5"
4656,E,3.00,SOC 120,Marriage and Family,SOCSCI (809) 128,4615,S,Marriage & Family,
4656,,3.00,NDC,No Degree Credit,SOCSCI (809) 133,4615,,Developmental Psychology,"257, 5"
4656,E,3.00,ECON 101,Principles-Microeconomics,SOCSCI (809) 143,4615,"S, QR-B",Microeconomics,
4656,E,3.00,PSYCH EL,Psychology Elective,SOCSCI (809) 151,4615,S,Psych of Hum Rel,
4656,E,3.00,Soc St EL,Social Studies Elective,SOCSCI (809) 153,4615,S,American Inst,
4656,E,3.00,PSYCH EL,Psychology Elective,SOCSCI (809) 159,4615,S,Abnormal Psychology,
4656,E,3.00,PHILOS EL,Philosophy Elective,SOCSCI (809) 166,4615,"Z, UCTA",Intro to Ethics: Theory & App,22
4656,E,3.00,Soc St EL,Social Studies Elective,SOCSCI (809) 172,4615,"S, ETHNIC, UCTA",Introduction to Diversity Stud,22
4656,E,3.00,SOC 130,Social Problems,SOCSCI (809) 174,4615,S,Social Problems,
4656,E,3.00,PSYCH EL,Psychology Elective,SOCSCI (809) 188,4615,S,Developmental Psychology,
4656,E,3.00,Soc St EL,Social Studies Elective,SOCSCI (809) 195,4615,"S, UCTA",Economics,22
4656,E,3.00,SOC EL,Sociology Elective,SOCSCI (809) 196,4615,"S, UCTA",Intro to Sociology,22
4656,E,3.00,SOC EL,Sociology Elective,SOCSCI (809) 197,4615,S,Contemporary Amer Society,
4656,E,3.00,PSYCH 202,Introduction to Psychology,SOCSCI (809) 198,4615,"S, UCTA",Intro to Psychology,22
4656,,3.00,NDC,No Degree Credit,SOCSCI (809) 199,4615,,Psychology of Human Relations,5
4656,,1.00,NDC,No Degree Credit,SOCSCI (809) 200,4615,,Teaching and Learning Workshop,5
4656,E,3.00,PSYCH 160,"Hum Sexuality-Soc,Psych Iss",SOCSCI (809) 201,4615,S,Human Sexuality,
4656,E,3.00,SOC 130,Social Problems,SOCSCI (809) 202,4615,S,Social Problems,
4656,E,3.00,SOC EL,Sociology Elective,SOCSCI (809) 203,4615,S,Intro Sociology,
4656,E,3.00,SOC 120,Marriage and Family,SOCSCI (809) 204,4615,S,Marriage Family,
4656,E,3.00,SOC 125,Amer Soc: How It Really Works,SOCSCI (809) 205,4615,S,Contemp Society,
4656,E,3.00,GEN&WS 102,"Gender, Women & Society-Global",SOCSCI (809) 206,4615,S,Intro to Women's Studies,
4656,A,3.00,SOC 441,Criminology,SOCSCI (809) 207,4615,S,Criminology,
4656,E,3.00,AFROAMER 151,Intro-Contemp Afro-Am Soc,SOCSCI (809) 208,4615,"S, ETHNIC",Cont Afro Amer Soc,
4656,E,3.00,GEN&WS EL,Gender and Women's Studies Elective,SOCSCI (809) 209,4615,S,Wmns Wk Wmns Lives,
4656,E,3.00,SOC EL,Sociology Elective,SOCSCI (809) 210,4615,S,Psychology of Men,
4656,E,3.00,ECON 102,Principles-Macroeconomics,SOCSCI (809) 211,4615,S,Macro Economics,
4656,E,3.00,ECON 101,Principles-Microeconomics,SOCSCI (809) 212,4615,"S, QR-B",Micro Economics,
4656,I,3.00,ECON 364,Survey-Internatl Economics,SOCSCI (809) 214,4615,S,Intro International Econ,
4656,E,3.00,Soc St EL,Social Studies Elective,SOCSCI (809) 215,4615,S,Education in a Pluralistic Soc,
4656,E,3.00,GEN&WS EL,Gender and Women's Studies Elective,SOCSCI (809) 216,4615,S,Women and the Law,
4656,E,3.00,Soc St EL,Social Studies Elective,SOCSCI (809) 217,4615,"S, ETHNIC","Race, Class, Gender",
4656,I,3.00,POLI SCI 217,"Law, Politics and Society",SOCSCI (809) 218,4615,S,Law & Society,
4656,,2.00,NDC,No Degree Credit,SOCSCI (809) 219,4615,,Special Topics in Social Sci,5
4656,E,3.00,POLI SCI EL,Political Science Elective,SOCSCI (809) 220,4615,S,American Foreign Policy,
4656,E,3.00,POLI SCI 104,Intro-Amer Politcs&Governmt,SOCSCI (809) 221,4615,S,American Ntl Govt,
4656,I,3.00,POLI SCI 205,Intro to State Government,SOCSCI (809) 222,4615,S,State and Local Government,
4656,E,3.00,POLI SCI 103,Intro-Internatl Relations,SOCSCI (809) 223,4615,S,International Relations,
4656,I,3.00,POLI SCI EL,Political Science Elective,SOCSCI (809) 224,4615,,Government Practicum,
4656,I,3.00,PSYCH 530,Intro-Social Psychology,SOCSCI (809) 225,4615,S,Social Psychology,
4656,E,3.00,SOC EL,Sociology Elective,SOCSCI (809) 226,4615,,Social Issues-Independ Study,
4656,I,3.00,POLI SCI 209,Intro to Political Theory,SOCSCI (809) 227,4615,H,Political Theory,
4656,I,3.00,ENVIR ST 343,Environmental Economics,SOCSCI (809) 228,4615,S,Environmental Economics,
4656,E,3.00,SOC EL,Sociology Elective,SOCSCI (809) 229,4615,S,Social Movements,
4656,I,4.00,SOC 360,Stats For Sociologists I,SOCSCI (809) 230,4615,QR-B,Statistics For Social Sciences,
4656,E,3.00,PSYCH 202,Introduction to Psychology,SOCSCI (809) 231,4615,S,Intro Psychology,
4656,,3.00,NDC,No Degree Credit,SOCSCI (809) 232,4615,,Hum Dev in Infancy/Childhood,5
4656,I,3.00,PSYCH EL,Psychology Elective,SOCSCI (809) 233,4615,S,Developmental Psychology,
4656,E,3.00,PSYCH EL,Psychology Elective,SOCSCI (809) 234,4615,S,Psychology of Women,
4656,E,3.00,PSYCH EL,Psychology Elective,SOCSCI (809) 235,4615,S,Psych of Personal Adjustment,
4656,E,3.00,PSYCH EL,Psychology Elective,SOCSCI (809) 236,4615,S,Applied Psychology,
4656,I,3.00,PSYCH 509,Abnormal Psychology,SOCSCI (809) 237,4615,S,Abnormal Psych,
4656,E,3.00,PSYCH EL,Psychology Elective,SOCSCI (809) 238,4615,S,Intro Health Psychology,
4656,I,3.00,PSYCH EL,Psychology Elective,SOCSCI (809) 239,4615,S,Child Human Development,
4656,E,3.00,HISTORY 260,Latin America-Introduction,SOCSCI (809) 240,4615,S,Introduction to Latin America,
4656,,3.00,NDC,No Degree Credit,SOCSCI (809) 241,4615,,Race and Ethnic Relations,"257, 5"
4656,I,3.00,POLI SCI 219,Intro to Public Policy,SOCSCI (809) 242,4615,S,Public Policy,
4656,E,3.00,POLI SCI 106,Politics Around the World,SOCSCI (809) 243,4615,S,Comparative Politics,
4656,E,3.00,POLI SCI EL,Political Science Elective,SOCSCI (809) 244,4615,S,Russian Politics,
4656,E,3.00,POLI SCI EL,Political Science Elective,SOCSCI (809) 245,4615,S,Latin American Politics,
4656,E,3.00,POLI SCI EL,Political Science Elective,SOCSCI (809) 246,4615,S,African Politics,
4656,E,3.00,POLI SCI EL,Political Science Elective,SOCSCI (809) 247,4615,S,East Asian Politics,
4656,E,3.00,POLI SCI EL,Political Science Elective,SOCSCI (809) 248,4615,S,Politics of India,
4656,E,3.00,PSYCH EL,Psychology Elective,SOCSCI (809) 249,4615,S,Educational Psychology,
4656,E,3.00,GEN&WS EL,Gender and Women's Studies Elective,SOCSCI (809) 250,4615,Z,Women in the Arts,
4656,E,3.00,SOC EL,Sociology Elective,SOCSCI (809) 251,4615,S,Soc of Middle East & N Africa,
4656,E,3.00,SOC 134,Am Racial&Ethnic Minorities,SOCSCI (809) 252,4615,"S, ETHNIC",Race and Ethnicity in the U.S.,
4656,E,3.00,SOC 138,The Sociology of Gender,SOCSCI (809) 253,4615,S,Sociology of Gender,
4656,E,3.00,SOC 200,Intro to Lgbtq+ Studies,SOCSCI (809) 255,4615,"Z, ETHNIC",Introduction to Lgbtq+ Studies,
4656,E,3.00,GEN&WS 102,"Gender, Women & Society-Global",SOCSCI (809) 256,4615,S,Int'l Pers on Gender & Women,
4656,,1.00,NDC,No Degree Credit,SOCSCI (809) 257,4615,,Gender & Women's Studies-Sa,5
4656,E,3.00,PHILOS EL,Philosophy Elective,SOCSCI (809) 258,4615,Z,Philosophy Through Film,
4656,E,3.00,PHILOS EL,Philosophy Elective,SOCSCI (809) 259,4615,Z,Classics in Philosophy,
4656,E,3.00,PHILOS 101,Introduction to Philosophy,SOCSCI (809) 260,4615,Z,Intro Philosophy,
4656,I,3.00,PHILOS 211,Elementary Logic,SOCSCI (809) 261,4615,"Z, QR-B",Elementary Logic,
4656,I,3.00,PHILOS 341,Contemporary Moral Issues,SOCSCI (809) 262,4615,Z,Contemporary Moral Issues,
4656,I,3.00,PHILOS 261,Intro-Philos of Religion,SOCSCI (809) 263,4615,Z,East/West Wld View,
4656,I,3.00,PHILOS 210,Reason in Communication,SOCSCI (809) 264,4615,"Z, QR-A",Intro Logic/Critical Thinking,
4656,I,3.00,PHILOS 253,Philosophy of the Arts,SOCSCI (809) 265,4615,H,Philosophy and the Arts,
4656,E,3.00,ScSt/Hum EL,Soc Studies Or Humanities Elective,SOCSCI (809) 266,4615,Z,Ethics in Medicine,
4656,E,3.00,Humnties EL,Humanities Elective,SOCSCI (809) 267,4615,H,Leadership As An Art,
4656,E,3.00,Soc St EL,Social Studies Elective,SOCSCI (809) 269,4615,S,Energy and Society,
4656,,1.00,NDC,No Degree Credit,SOCSCI (809) 270,4615,,Leadership:Theory to Prac,5
4656,E,3.00,SOC EL,Sociology Elective,SOCSCI (809) 271,4615,S,Families in Trans,
4656,E,3.00,SOC EL,Sociology Elective,SOCSCI (809) 272,4615,S,The Nations Health,
4656,E,3.00,SOC EL,Sociology Elective,SOCSCI (809) 273,4615,S,Aging and Social Problems,
4656,I,3.00,PHILOS EL,Philosophy Elective,SOCSCI (809) 274,4615,Z,Leadership Ethics,
4656,I,3.00,SOC EL,Sociology Elective,SOCSCI (809) 275,4615,S,Sociology of Religion,
4656,I,3.00,PHILOS 243,Ethics in Business,SOCSCI (809) 276,4615,Z,Business Ethics,
4656,,1.00,HDFS EL,Human Development and Family Studies Elective,SOCSCI (809) 277,4615,,Couple Relationships,
4656,I,3.00,E ASIAN 364,Introduction to Buddhism,SOCSCI (809) 278,4615,H,Intro to Buddhism,
4656,E,3.00,ANTHRO EL,Anthropology Elective,SOCSCI (809) 279,4615,"S, ETHNIC",Intro to Archaeology North Am,
4656,E,3.00,ANTHRO 100,General Anthropology,SOCSCI (809) 280,4615,S,General Anthropology,
4656,E,3.00,ANTHRO 102,Archaeology & Prehist World,SOCSCI (809) 281,4615,Z,Archaeology & Prehist World,
4656,E,3.00,ANTHRO EL,Anthropology Elective,SOCSCI (809) 282,4615,"S, ETHNIC",Native Amer Cult-Great Lakes,
4656,E,3.00,ANTHRO 104,Cult Anthro&Human Diversity,SOCSCI (809) 283,4615,"S, ETHNIC",Cult Anthro & Hum Diversity,
4656,I,3.00,ANTHRO EL,Anthropology Elective,SOCSCI (809) 284,4615,"S, ETHNIC",Anthro of Race & Ethnicity,
4656,I,3.00,ANTHRO EL,Anthropology Elective,SOCSCI (809) 285,4615,S,"Anthro of Myth, Magic, & Relig",
4656,E,3.00,ANTHRO EL,Anthropology Elective,SOCSCI (809) 286,4615,"S, ETHNIC",Anthro of Global & Multicultrl,
4656,I,3.00,ANTHRO EL,Anthropology Elective,SOCSCI (809) 287,4615,Z,Anthro of Islamic Soc & Cult,
4656,E,3.00,ANTHRO 105,Principles - Biological Anthro,SOCSCI (809) 288,4615,B,Human Biol & Phys Anthropology,
4656,E,3.00,GEOG 104,Intro to Human Geography,SOCSCI (809) 289,4615,S,World Regional Geography,
4656,E,3.00,C&E SOC 245,Technology and Society,SOCSCI (809) 291,4615,,Technology and Society,
4656,E,3.00,ANTHRO EL,Anthropology Elective,SOCSCI (809) 292,4615,S,"Agriculture, Food, and Society",
4656,E,3.00,GEN EL,General Elective,SOCSCI (809) 294,4615,,"Data Org, Visual & Management",
